customer_id,customer_name,region,signup_date
1,Customer_1,South,2022-08-08
2,Customer_2,West,2022-06-12
3,Customer_3,East,2022-08-08
4,Customer_4,East,2022-09-27
5,Customer_5,North,2023-09-24
6,Customer_6,North,2023-02-04
7,Customer_7,North,2022-07-01
8,Customer_8,West,2023-09-10
9,Customer_9,East,2022-07-24
10,Customer_10,East,2023-08-05
11,Customer_11,North,2023-07-10
12,Customer_12,West,2022-08-16
13,Customer_13,West,2023-11-27
14,Customer_14,North,2023-09-11
15,Customer_15,North,2023-08-19
16,Customer_16,North,2022-09-07
17,Customer_17,South,2023-03-17
18,Customer_18,South,2023-06-17
19,Customer_19,South,2022-07-15
20,Customer_20,North,2023-11-21
21,Customer_21,East,2023-06-03
22,Customer_22,North,2022-03-11
23,Customer_23,North,2023-10-01
24,Customer_24,South,2023-02-03
25,Customer_25,South,2023-11-03
26,Customer_26,East,2022-07-22
27,Customer_27,North,2022-05-28
28,Customer_28,South,2023-04-17
29,Customer_29,East,2023-10-17
30,Customer_30,North,2022-07-18
31,Customer_31,East,2023-03-02
32,Customer_32,North,2023-10-28
33,Customer_33,North,2023-05-07
34,Customer_34,West,2022-05-22
35,Customer_35,West,2022-11-09
36,Customer_36,West,2022-06-14
37,Customer_37,South,2022-11-10
38,Customer_38,North,2022-01-21
39,Customer_39,East,2022-03-23
40,Customer_40,South,2023-08-04
41,Customer_41,North,2022-05-11
42,Customer_42,South,2023-08-22
43,Customer_43,North,2022-11-01
44,Customer_44,West,2023-01-06
45,Customer_45,North,2023-01-19
46,Customer_46,East,2023-03-21
47,Customer_47,South,2023-03-01
48,Customer_48,South,2022-06-10
49,Customer_49,South,2022-06-27
50,Customer_50,North,2023-09-21
51,Customer_51,West,2023-05-05
52,Customer_52,East,2022-11-23
53,Customer_53,West,2023-08-21
54,Customer_54,West,2022-10-16
55,Customer_55,East,2023-08-16
56,Customer_56,West,2023-10-26
57,Customer_57,North,2023-07-27
58,Customer_58,North,2023-07-27
59,Customer_59,North,2022-12-20
60,Customer_60,South,2022-01-28
61,Customer_61,South,2022-02-12
62,Customer_62,North,2023-11-12
63,Customer_63,West,2023-02-27
64,Customer_64,South,2023-08-21
65,Customer_65,North,2022-06-26
66,Customer_66,South,2023-06-13
67,Customer_67,North,2023-09-02
68,Customer_68,West,2023-05-09
69,Customer_69,North,2022-07-17
70,Customer_70,West,2023-09-02
71,Customer_71,East,2023-07-31
72,Customer_72,North,2023-06-01
73,Customer_73,North,2023-05-29
74,Customer_74,West,2022-01-22
75,Customer_75,East,2022-04-22
76,Customer_76,East,2022-02-26
77,Customer_77,East,2022-03-07
78,Customer_78,North,2022-04-08
79,Customer_79,South,2022-05-24
80,Customer_80,North,2023-03-11
81,Customer_81,West,2023-09-29
82,Customer_82,East,2023-11-10
83,Customer_83,South,2022-03-27
84,Customer_84,North,2023-08-11
85,Customer_85,South,2022-12-10
86,Customer_86,South,2022-10-21
87,Customer_87,East,2023-07-25
88,Customer_88,East,2023-10-12
89,Customer_89,West,2023-09-03
90,Customer_90,South,2022-08-31
91,Customer_91,North,2023-07-15
92,Customer_92,East,2022-02-01
93,Customer_93,East,2023-01-26
94,Customer_94,East,2022-10-04
95,Customer_95,East,2023-06-16
96,Customer_96,South,2022-06-03
97,Customer_97,South,2023-01-18
98,Customer_98,South,2022-03-09
99,Customer_99,North,2022-08-02
100,Customer_100,North,2023-10-17
101,Customer_101,North,2023-01-11
102,Customer_102,East,2022-08-01
103,Customer_103,South,2022-03-20
104,Customer_104,South,2023-09-20
105,Customer_105,West,2023-08-27
106,Customer_106,North,2023-01-16
107,Customer_107,South,2023-11-11
108,Customer_108,East,2022-02-27
109,Customer_109,North,2022-01-26
110,Customer_110,North,2023-03-23
111,Customer_111,North,2022-03-07
112,Customer_112,North,2022-09-11
113,Customer_113,West,2022-02-13
114,Customer_114,West,2022-04-07
115,Customer_115,East,2023-07-08
116,Customer_116,West,2022-08-15
117,Customer_117,West,2023-11-10
118,Customer_118,North,2023-03-12
119,Customer_119,West,2023-08-24
120,Customer_120,South,2023-01-14
121,Customer_121,West,2022-06-27
122,Customer_122,West,2023-03-03
123,Customer_123,South,2022-11-03
124,Customer_124,North,2023-05-19
125,Customer_125,North,2022-09-25
126,Customer_126,South,2023-08-09
127,Customer_127,West,2022-01-08
128,Customer_128,West,2023-05-23
129,Customer_129,North,2023-04-21
130,Customer_130,South,2022-10-24
131,Customer_131,South,2022-06-13
132,Customer_132,North,2023-04-30
133,Customer_133,North,2023-08-20
134,Customer_134,South,2022-03-13
135,Customer_135,West,2023-07-21
136,Customer_136,South,2023-07-13
137,Customer_137,South,2022-08-26
138,Customer_138,East,2022-04-14
139,Customer_139,South,2022-07-29
140,Customer_140,West,2023-07-08
141,Customer_141,West,2023-04-13
142,Customer_142,North,2023-03-30
143,Customer_143,South,2022-09-25
144,Customer_144,South,2023-01-21
145,Customer_145,North,2023-01-22
146,Customer_146,North,2022-09-16
147,Customer_147,East,2022-10-10
148,Customer_148,South,2023-09-18
149,Customer_149,North,2022-02-09
150,Customer_150,North,2023-05-01
151,Customer_151,West,2022-08-08
152,Customer_152,North,2022-05-09
153,Customer_153,North,2023-06-04
154,Customer_154,South,2023-09-05
155,Customer_155,West,2023-11-19
156,Customer_156,North,2023-09-11
157,Customer_157,East,2023-09-05
158,Customer_158,East,2022-09-17
159,Customer_159,North,2023-01-01
160,Customer_160,East,2023-06-28
161,Customer_161,South,2023-10-11
162,Customer_162,East,2023-06-08
163,Customer_163,East,2022-01-16
164,Customer_164,South,2022-05-09
165,Customer_165,North,2023-07-29
166,Customer_166,West,2022-04-19
167,Customer_167,South,2023-06-17
168,Customer_168,North,2023-11-01
169,Customer_169,North,2022-09-26
170,Customer_170,East,2022-06-11
171,Customer_171,East,2022-09-17
172,Customer_172,North,2022-04-12
173,Customer_173,South,2023-05-21
174,Customer_174,North,2023-07-25
175,Customer_175,East,2022-09-04
176,Customer_176,North,2023-10-02
177,Customer_177,East,2023-06-21
178,Customer_178,South,2022-05-11
179,Customer_179,West,2022-12-19
180,Customer_180,North,2022-07-15
181,Customer_181,South,2023-10-28
182,Customer_182,North,2023-01-17
183,Customer_183,West,2023-10-07
184,Customer_184,West,2022-08-15
185,Customer_185,North,2023-04-21
186,Customer_186,East,2023-04-22
187,Customer_187,West,2022-09-22
188,Customer_188,East,2023-01-07
189,Customer_189,South,2023-05-01
190,Customer_190,North,2023-03-10
191,Customer_191,North,2023-10-08
192,Customer_192,West,2022-07-30
193,Customer_193,West,2023-07-26
194,Customer_194,East,2023-01-12
195,Customer_195,South,2023-01-30
196,Customer_196,South,2023-03-26
197,Customer_197,East,2022-12-30
198,Customer_198,West,2023-04-02
199,Customer_199,West,2022-08-14
200,Customer_200,East,2022-05-11
201,Customer_201,East,2023-08-11
202,Customer_202,North,2023-04-21
203,Customer_203,North,2022-10-04
204,Customer_204,West,2022-06-05
205,Customer_205,East,2022-08-06
206,Customer_206,North,2022-07-09
207,Customer_207,North,2023-02-21
208,Customer_208,East,2023-11-06
209,Customer_209,North,2023-11-23
210,Customer_210,North,2023-06-30
211,Customer_211,South,2022-02-10
212,Customer_212,East,2022-11-03
213,Customer_213,East,2022-12-04
214,Customer_214,North,2022-11-10
215,Customer_215,East,2022-03-16
216,Customer_216,North,2022-10-06
217,Customer_217,South,2022-06-25
218,Customer_218,East,2023-10-24
219,Customer_219,East,2022-09-30
220,Customer_220,West,2023-09-12
221,Customer_221,East,2023-10-13
222,Customer_222,East,2022-10-16
223,Customer_223,North,2022-09-29
224,Customer_224,South,2022-03-07
225,Customer_225,North,2023-04-28
226,Customer_226,North,2022-09-05
227,Customer_227,West,2022-06-05
228,Customer_228,South,2022-02-16
229,Customer_229,West,2023-03-30
230,Customer_230,East,2022-07-20
231,Customer_231,East,2023-10-22
232,Customer_232,South,2022-05-04
233,Customer_233,East,2022-01-01
234,Customer_234,South,2023-10-02
235,Customer_235,North,2022-07-10
236,Customer_236,East,2023-08-02
237,Customer_237,North,2023-05-31
238,Customer_238,North,2023-03-18
239,Customer_239,East,2022-05-23
240,Customer_240,North,2022-07-10
241,Customer_241,West,2023-06-17
242,Customer_242,West,2022-08-15
243,Customer_243,West,2022-11-09
244,Customer_244,South,2023-09-21
245,Customer_245,North,2022-10-29
246,Customer_246,West,2023-10-16
247,Customer_247,South,2023-04-05
248,Customer_248,West,2023-02-05
249,Customer_249,West,2023-07-05
250,Customer_250,West,2023-01-28
251,Customer_251,North,2022-07-26
252,Customer_252,South,2022-07-29
253,Customer_253,West,2022-04-25
254,Customer_254,South,2023-10-08
255,Customer_255,North,2022-09-08
256,Customer_256,East,2022-08-07
257,Customer_257,West,2023-02-11
258,Customer_258,East,2023-03-19
259,Customer_259,East,2023-08-26
260,Customer_260,North,2022-12-20
261,Customer_261,East,2023-07-12
262,Customer_262,West,2023-07-04
263,Customer_263,North,2022-05-22
264,Customer_264,South,2023-09-04
265,Customer_265,West,2023-05-16
266,Customer_266,East,2023-07-01
267,Customer_267,East,2023-10-21
268,Customer_268,East,2023-06-26
269,Customer_269,South,2023-05-22
270,Customer_270,North,2023-08-19
271,Customer_271,West,2022-10-08
272,Customer_272,West,2023-02-28
273,Customer_273,West,2022-09-27
274,Customer_274,West,2022-06-03
275,Customer_275,South,2023-09-06
276,Customer_276,South,2023-10-24
277,Customer_277,East,2022-03-24
278,Customer_278,East,2023-09-14
279,Customer_279,East,2023-03-02
280,Customer_280,East,2022-10-02
281,Customer_281,West,2022-10-11
282,Customer_282,South,2022-06-22
283,Customer_283,South,2022-11-23
284,Customer_284,North,2022-03-04
285,Customer_285,East,2022-03-14
286,Customer_286,North,2023-09-28
287,Customer_287,South,2023-01-10
288,Customer_288,South,2023-09-25
289,Customer_289,North,2023-05-23
290,Customer_290,East,2023-02-02
291,Customer_291,North,2022-04-30
292,Customer_292,North,2023-03-13
293,Customer_293,West,2023-11-07
294,Customer_294,South,2023-04-10
295,Customer_295,North,2022-10-13
296,Customer_296,South,2022-09-22
297,Customer_297,East,2022-11-16
298,Customer_298,North,2023-11-04
299,Customer_299,East,2023-01-11
300,Customer_300,North,2022-03-30
301,Customer_301,North,2023-10-16
302,Customer_302,South,2022-07-22
303,Customer_303,South,2022-11-30
304,Customer_304,East,2022-08-10
305,Customer_305,East,2022-02-10
306,Customer_306,West,2022-03-09
307,Customer_307,South,2023-05-29
308,Customer_308,South,2023-09-29
309,Customer_309,East,2023-09-14
310,Customer_310,North,2023-08-21
311,Customer_311,South,2023-09-24
312,Customer_312,North,2022-05-07
313,Customer_313,North,2022-09-12
314,Customer_314,West,2023-11-26
315,Customer_315,West,2022-01-16
316,Customer_316,East,2023-04-22
317,Customer_317,South,2022-03-03
318,Customer_318,North,2023-03-08
319,Customer_319,North,2023-11-01
320,Customer_320,North,2022-09-25
321,Customer_321,South,2022-02-04
322,Customer_322,East,2023-07-30
323,Customer_323,East,2023-05-09
324,Customer_324,North,2023-07-16
325,Customer_325,West,2023-04-14
326,Customer_326,East,2023-10-23
327,Customer_327,East,2022-11-21
328,Customer_328,East,2022-10-31
329,Customer_329,South,2022-10-03
330,Customer_330,North,2023-11-15
331,Customer_331,South,2022-07-20
332,Customer_332,East,2023-03-21
333,Customer_333,North,2022-11-20
334,Customer_334,North,2022-02-04
335,Customer_335,North,2023-04-27
336,Customer_336,North,2023-04-25
337,Customer_337,West,2022-03-06
338,Customer_338,East,2022-01-08
339,Customer_339,South,2022-10-28
340,Customer_340,North,2022-12-09
341,Customer_341,South,2023-03-07
342,Customer_342,South,2023-02-28
343,Customer_343,North,2022-11-28
344,Customer_344,South,2023-03-14
345,Customer_345,South,2023-08-11
346,Customer_346,East,2022-06-23
347,Customer_347,East,2023-07-13
348,Customer_348,North,2023-06-11
349,Customer_349,South,2023-10-21
350,Customer_350,East,2022-01-26
351,Customer_351,South,2023-08-28
352,Customer_352,West,2023-02-10
353,Customer_353,East,2022-08-20
354,Customer_354,North,2023-06-17
355,Customer_355,North,2023-07-04
356,Customer_356,East,2023-05-20
357,Customer_357,North,2023-10-31
358,Customer_358,East,2022-06-28
359,Customer_359,West,2022-05-12
360,Customer_360,East,2023-03-31
361,Customer_361,South,2022-12-14
362,Customer_362,East,2023-06-24
363,Customer_363,South,2023-02-10
364,Customer_364,South,2022-03-17
365,Customer_365,West,2023-08-02
366,Customer_366,South,2023-05-07
367,Customer_367,West,2022-07-13
368,Customer_368,West,2022-06-11
369,Customer_369,North,2022-12-13
370,Customer_370,North,2022-12-27
371,Customer_371,North,2023-08-07
372,Customer_372,North,2022-03-28
373,Customer_373,North,2022-09-19
374,Customer_374,East,2022-08-02
375,Customer_375,North,2023-10-27
376,Customer_376,South,2023-07-27
377,Customer_377,West,2022-09-19
378,Customer_378,North,2022-10-10
379,Customer_379,West,2023-10-10
380,Customer_380,North,2023-04-12
381,Customer_381,North,2023-01-15
382,Customer_382,East,2022-12-28
383,Customer_383,East,2023-03-25
384,Customer_384,West,2023-03-17
385,Customer_385,East,2022-04-03
386,Customer_386,West,2023-09-13
387,Customer_387,North,2023-02-28
388,Customer_388,North,2022-05-22
389,Customer_389,East,2022-10-18
390,Customer_390,West,2023-03-08
391,Customer_391,West,2023-11-20
392,Customer_392,South,2023-10-15
393,Customer_393,South,2022-02-18
394,Customer_394,East,2022-10-29
395,Customer_395,South,2022-07-09
396,Customer_396,West,2022-05-16
397,Customer_397,West,2023-07-09
398,Customer_398,South,2023-02-08
399,Customer_399,East,2023-08-25
400,Customer_400,East,2022-12-07
401,Customer_401,North,2022-11-14
402,Customer_402,West,2023-09-10
403,Customer_403,South,2022-12-29
404,Customer_404,West,2023-01-17
405,Customer_405,South,2022-08-21
406,Customer_406,West,2022-12-10
407,Customer_407,South,2023-07-03
408,Customer_408,North,2023-07-07
409,Customer_409,West,2023-06-13
410,Customer_410,North,2023-07-25
411,Customer_411,South,2022-07-02
412,Customer_412,West,2022-02-10
413,Customer_413,West,2023-07-05
414,Customer_414,East,2023-02-01
415,Customer_415,East,2023-05-09
416,Customer_416,South,2023-10-21
417,Customer_417,North,2022-11-29
418,Customer_418,South,2022-05-07
419,Customer_419,East,2023-07-12
420,Customer_420,East,2023-07-11
421,Customer_421,East,2022-01-01
422,Customer_422,East,2022-06-17
423,Customer_423,North,2023-09-12
424,Customer_424,South,2022-01-19
425,Customer_425,North,2022-11-28
426,Customer_426,South,2023-08-07
427,Customer_427,South,2023-04-01
428,Customer_428,West,2022-04-19
429,Customer_429,South,2022-09-25
430,Customer_430,North,2023-03-21
431,Customer_431,North,2022-08-28
432,Customer_432,East,2022-10-28
433,Customer_433,East,2023-08-25
434,Customer_434,North,2022-04-13
435,Customer_435,North,2022-09-07
436,Customer_436,East,2023-03-29
437,Customer_437,North,2023-06-04
438,Customer_438,West,2022-06-02
439,Customer_439,East,2022-06-23
440,Customer_440,North,2022-12-09
441,Customer_441,North,2023-11-01
442,Customer_442,West,2023-03-07
443,Customer_443,South,2023-11-20
444,Customer_444,South,2023-11-18
445,Customer_445,West,2023-10-20
446,Customer_446,West,2022-11-20
447,Customer_447,West,2023-11-04
448,Customer_448,East,2023-10-01
449,Customer_449,South,2023-02-24
450,Customer_450,North,2023-08-17
451,Customer_451,East,2023-04-30
452,Customer_452,East,2023-10-21
453,Customer_453,South,2023-02-16
454,Customer_454,West,2022-03-25
455,Customer_455,North,2022-04-23
456,Customer_456,South,2022-11-28
457,Customer_457,North,2023-01-13
458,Customer_458,South,2023-10-17
459,Customer_459,North,2022-02-10
460,Customer_460,North,2022-04-15
461,Customer_461,North,2022-07-21
462,Customer_462,East,2023-03-26
463,Customer_463,East,2022-09-23
464,Customer_464,East,2022-07-29
465,Customer_465,West,2023-07-17
466,Customer_466,South,2022-04-28
467,Customer_467,North,2023-01-12
468,Customer_468,West,2023-07-05
469,Customer_469,North,2023-06-24
470,Customer_470,West,2022-03-25
471,Customer_471,North,2023-03-30
472,Customer_472,West,2023-10-29
473,Customer_473,North,2023-09-21
474,Customer_474,West,2023-05-29
475,Customer_475,South,2023-08-28
476,Customer_476,West,2023-11-09
477,Customer_477,North,2023-01-22
478,Customer_478,East,2022-12-16
479,Customer_479,West,2022-10-23
480,Customer_480,South,2022-09-15
481,Customer_481,East,2022-03-22
482,Customer_482,East,2022-09-25
483,Customer_483,South,2023-02-23
484,Customer_484,East,2022-08-23
485,Customer_485,East,2022-11-07
486,Customer_486,West,2022-12-23
487,Customer_487,North,2022-08-01
488,Customer_488,North,2023-07-28
489,Customer_489,West,2022-02-18
490,Customer_490,West,2022-05-07
491,Customer_491,South,2022-08-11
492,Customer_492,East,2022-10-06
493,Customer_493,North,2023-02-12
494,Customer_494,North,2023-05-20
495,Customer_495,South,2022-10-21
496,Customer_496,South,2022-10-04
497,Customer_497,East,2023-03-14
498,Customer_498,North,2022-04-17
499,Customer_499,West,2023-10-20
500,Customer_500,West,2023-02-24
501,Customer_501,East,2023-09-03
502,Customer_502,South,2023-03-05
503,Customer_503,South,2023-01-10
504,Customer_504,West,2022-03-14
505,Customer_505,East,2023-09-26
506,Customer_506,North,2022-01-30
507,Customer_507,West,2022-07-07
508,Customer_508,West,2022-12-30
509,Customer_509,West,2023-03-27
510,Customer_510,East,2022-07-14
511,Customer_511,East,2022-06-05
512,Customer_512,South,2022-06-21
513,Customer_513,West,2022-02-10
514,Customer_514,West,2022-03-04
515,Customer_515,North,2022-01-23
516,Customer_516,North,2022-12-26
517,Customer_517,South,2022-03-16
518,Customer_518,West,2023-07-14
519,Customer_519,West,2023-11-03
520,Customer_520,North,2022-04-28
521,Customer_521,East,2023-09-04
522,Customer_522,South,2023-01-15
523,Customer_523,West,2023-11-10
524,Customer_524,West,2022-10-17
525,Customer_525,West,2023-03-16
526,Customer_526,South,2023-10-30
527,Customer_527,South,2022-01-07
528,Customer_528,North,2022-07-15
529,Customer_529,North,2023-02-25
530,Customer_530,West,2023-07-22
531,Customer_531,West,2022-07-12
532,Customer_532,West,2023-07-13
533,Customer_533,West,2022-05-28
534,Customer_534,East,2023-10-31
535,Customer_535,East,2022-07-21
536,Customer_536,West,2023-03-20
537,Customer_537,West,2023-02-23
538,Customer_538,North,2023-03-03
539,Customer_539,South,2023-04-24
540,Customer_540,North,2023-04-20
541,Customer_541,West,2022-05-06
542,Customer_542,East,2023-01-30
543,Customer_543,North,2023-07-30
544,Customer_544,East,2022-11-21
545,Customer_545,East,2023-01-27
546,Customer_546,South,2023-11-19
547,Customer_547,North,2023-09-20
548,Customer_548,East,2023-03-16
549,Customer_549,South,2022-07-23
550,Customer_550,East,2023-05-01
551,Customer_551,South,2022-01-31
552,Customer_552,West,2023-01-23
553,Customer_553,East,2023-09-17
554,Customer_554,East,2023-03-10
555,Customer_555,West,2023-01-11
556,Customer_556,South,2022-12-10
557,Customer_557,North,2023-03-19
558,Customer_558,North,2023-08-02
559,Customer_559,East,2022-03-16
560,Customer_560,East,2023-07-11
561,Customer_561,East,2023-10-28
562,Customer_562,North,2022-06-04
563,Customer_563,North,2023-03-06
564,Customer_564,North,2022-12-29
565,Customer_565,South,2023-03-24
566,Customer_566,East,2022-08-22
567,Customer_567,South,2023-07-17
568,Customer_568,South,2022-09-19
569,Customer_569,West,2022-05-05
570,Customer_570,South,2022-09-02
571,Customer_571,South,2023-06-26
572,Customer_572,East,2023-04-30
573,Customer_573,South,2022-05-02
574,Customer_574,East,2022-05-05
575,Customer_575,West,2023-07-03
576,Customer_576,West,2022-06-19
577,Customer_577,North,2022-05-04
578,Customer_578,West,2022-02-04
579,Customer_579,South,2022-03-28
580,Customer_580,North,2023-10-08
581,Customer_581,South,2022-07-20
582,Customer_582,West,2023-01-04
583,Customer_583,South,2022-03-18
584,Customer_584,South,2022-02-28
585,Customer_585,East,2023-03-07
586,Customer_586,North,2023-09-30
587,Customer_587,North,2023-05-15
588,Customer_588,North,2022-04-19
589,Customer_589,North,2022-10-05
590,Customer_590,North,2022-03-09
591,Customer_591,North,2022-03-10
592,Customer_592,East,2022-06-14
593,Customer_593,North,2023-05-04
594,Customer_594,South,2022-11-01
595,Customer_595,West,2023-11-05
596,Customer_596,South,2022-12-31
597,Customer_597,East,2023-01-14
598,Customer_598,North,2022-12-09
599,Customer_599,North,2023-07-08
600,Customer_600,North,2022-12-20
601,Customer_601,North,2023-02-20
602,Customer_602,North,2022-04-19
603,Customer_603,North,2023-07-17
604,Customer_604,North,2023-05-12
605,Customer_605,North,2022-12-07
606,Customer_606,South,2023-01-18
607,Customer_607,North,2023-06-17
608,Customer_608,South,2022-10-27
609,Customer_609,South,2022-05-19
610,Customer_610,East,2022-12-25
611,Customer_611,North,2023-05-14
612,Customer_612,East,2023-01-20
613,Customer_613,East,2023-08-27
614,Customer_614,North,2022-10-07
615,Customer_615,West,2023-09-29
616,Customer_616,West,2023-04-28
617,Customer_617,North,2022-04-21
618,Customer_618,North,2022-05-19
619,Customer_619,West,2023-03-11
620,Customer_620,East,2023-05-24
621,Customer_621,North,2022-09-30
622,Customer_622,North,2022-04-09
623,Customer_623,South,2022-04-14
624,Customer_624,South,2022-08-02
625,Customer_625,East,2023-10-26
626,Customer_626,South,2022-06-14
627,Customer_627,South,2023-06-04
628,Customer_628,East,2022-10-11
629,Customer_629,North,2023-06-01
630,Customer_630,North,2023-10-19
631,Customer_631,East,2023-09-05
632,Customer_632,West,2022-06-13
633,Customer_633,South,2023-10-21
634,Customer_634,South,2022-03-05
635,Customer_635,North,2022-04-01
636,Customer_636,South,2022-04-27
637,Customer_637,South,2022-09-24
638,Customer_638,North,2023-11-16
639,Customer_639,North,2023-07-13
640,Customer_640,South,2022-05-20
641,Customer_641,North,2022-09-03
642,Customer_642,South,2023-10-23
643,Customer_643,North,2023-01-30
644,Customer_644,South,2023-05-02
645,Customer_645,North,2023-04-21
646,Customer_646,West,2023-06-01
647,Customer_647,East,2022-07-03
648,Customer_648,East,2022-01-20
649,Customer_649,East,2023-07-12
650,Customer_650,South,2023-06-08
651,Customer_651,North,2023-08-05
652,Customer_652,South,2023-06-13
653,Customer_653,East,2022-05-27
654,Customer_654,East,2023-10-28
655,Customer_655,South,2022-10-31
656,Customer_656,North,2023-09-12
657,Customer_657,North,2023-08-05
658,Customer_658,South,2023-11-26
659,Customer_659,East,2022-08-16
660,Customer_660,East,2022-04-12
661,Customer_661,South,2023-08-10
662,Customer_662,West,2023-02-21
663,Customer_663,East,2022-08-04
664,Customer_664,North,2023-02-11
665,Customer_665,North,2023-02-03
666,Customer_666,North,2023-05-14
667,Customer_667,North,2023-04-10
668,Customer_668,North,2023-11-22
669,Customer_669,North,2022-03-23
670,Customer_670,North,2023-08-27
671,Customer_671,North,2023-11-18
672,Customer_672,West,2022-12-31
673,Customer_673,North,2022-06-12
674,Customer_674,South,2022-02-17
675,Customer_675,South,2023-05-26
676,Customer_676,West,2022-11-25
677,Customer_677,North,2022-04-26
678,Customer_678,South,2022-12-03
679,Customer_679,West,2022-05-27
680,Customer_680,West,2023-07-29
681,Customer_681,West,2022-11-19
682,Customer_682,North,2023-03-19
683,Customer_683,North,2022-01-13
684,Customer_684,East,2023-05-09
685,Customer_685,West,2022-10-14
686,Customer_686,East,2022-04-24
687,Customer_687,East,2023-04-25
688,Customer_688,North,2022-01-22
689,Customer_689,East,2022-12-15
690,Customer_690,North,2023-11-14
691,Customer_691,South,2023-07-20
692,Customer_692,South,2022-11-16
693,Customer_693,South,2022-05-06
694,Customer_694,North,2022-10-04
695,Customer_695,North,2022-07-23
696,Customer_696,East,2022-07-13
697,Customer_697,North,2023-11-12
698,Customer_698,East,2023-10-26
699,Customer_699,North,2023-07-01
700,Customer_700,South,2023-11-27
701,Customer_701,South,2022-10-13
702,Customer_702,North,2022-02-26
703,Customer_703,South,2022-10-30
704,Customer_704,North,2022-06-12
705,Customer_705,North,2022-01-19
706,Customer_706,West,2023-01-05
707,Customer_707,South,2022-09-21
708,Customer_708,West,2022-04-23
709,Customer_709,North,2023-05-03
710,Customer_710,East,2022-11-23
711,Customer_711,East,2023-06-26
712,Customer_712,East,2023-10-09
713,Customer_713,South,2023-08-02
714,Customer_714,South,2022-03-06
715,Customer_715,South,2022-10-19
716,Customer_716,West,2022-01-25
717,Customer_717,West,2023-07-03
718,Customer_718,West,2022-01-01
719,Customer_719,North,2023-07-03
720,Customer_720,East,2022-05-21
721,Customer_721,West,2023-10-10
722,Customer_722,North,2022-07-07
723,Customer_723,North,2022-05-08
724,Customer_724,East,2022-07-20
725,Customer_725,East,2022-05-07
726,Customer_726,West,2022-09-14
727,Customer_727,North,2023-11-07
728,Customer_728,East,2023-07-01
729,Customer_729,North,2022-07-13
730,Customer_730,North,2022-04-14
731,Customer_731,North,2023-06-19
732,Customer_732,West,2022-09-22
733,Customer_733,East,2023-01-19
734,Customer_734,South,2022-09-17
735,Customer_735,South,2023-02-18
736,Customer_736,West,2022-12-24
737,Customer_737,South,2022-03-16
738,Customer_738,West,2022-12-21
739,Customer_739,South,2023-08-07
740,Customer_740,South,2022-07-07
741,Customer_741,South,2023-11-16
742,Customer_742,South,2022-10-17
743,Customer_743,East,2022-02-14
744,Customer_744,South,2023-07-27
745,Customer_745,North,2022-03-24
746,Customer_746,West,2022-05-03
747,Customer_747,South,2022-12-24
748,Customer_748,South,2023-06-12
749,Customer_749,West,2022-03-07
750,Customer_750,East,2023-10-19
751,Customer_751,North,2023-01-10
752,Customer_752,West,2022-06-11
753,Customer_753,East,2023-01-15
754,Customer_754,South,2023-10-18
755,Customer_755,North,2022-12-24
756,Customer_756,East,2022-07-07
757,Customer_757,East,2022-11-18
758,Customer_758,South,2023-03-26
759,Customer_759,West,2023-04-19
760,Customer_760,East,2022-01-13
761,Customer_761,North,2022-07-03
762,Customer_762,South,2022-04-21
763,Customer_763,North,2023-05-23
764,Customer_764,East,2022-10-17
765,Customer_765,North,2022-10-22
766,Customer_766,East,2023-03-27
767,Customer_767,East,2022-08-03
768,Customer_768,West,2023-09-24
769,Customer_769,South,2023-07-21
770,Customer_770,West,2022-01-27
771,Customer_771,North,2023-09-22
772,Customer_772,West,2022-08-19
773,Customer_773,North,2023-07-19
774,Customer_774,South,2022-11-17
775,Customer_775,East,2022-08-21
776,Customer_776,North,2023-11-01
777,Customer_777,North,2023-03-13
778,Customer_778,East,2023-06-17
779,Customer_779,East,2023-02-07
780,Customer_780,East,2022-02-22
781,Customer_781,East,2022-11-09
782,Customer_782,South,2022-10-08
783,Customer_783,North,2022-01-31
784,Customer_784,South,2022-12-03
785,Customer_785,North,2022-07-02
786,Customer_786,West,2022-01-23
787,Customer_787,East,2023-06-28
788,Customer_788,South,2023-03-22
789,Customer_789,South,2022-03-15
790,Customer_790,West,2022-01-10
791,Customer_791,North,2023-04-29
792,Customer_792,East,2023-04-01
793,Customer_793,South,2023-07-20
794,Customer_794,East,2023-07-18
795,Customer_795,North,2023-10-22
796,Customer_796,West,2022-06-09
797,Customer_797,West,2022-01-14
798,Customer_798,East,2022-06-27
799,Customer_799,East,2023-02-16
800,Customer_800,West,2022-02-22
801,Customer_801,East,2023-02-12
802,Customer_802,North,2022-01-22
803,Customer_803,East,2022-01-30
804,Customer_804,East,2022-09-17
805,Customer_805,South,2022-07-24
806,Customer_806,East,2022-02-28
807,Customer_807,West,2023-04-16
808,Customer_808,West,2023-04-11
809,Customer_809,South,2022-01-12
810,Customer_810,North,2023-09-23
811,Customer_811,West,2022-10-17
812,Customer_812,West,2022-12-20
813,Customer_813,North,2023-10-01
814,Customer_814,West,2022-03-16
815,Customer_815,West,2023-07-15
816,Customer_816,South,2023-08-14
817,Customer_817,East,2023-03-17
818,Customer_818,South,2022-08-29
819,Customer_819,North,2022-06-03
820,Customer_820,South,2022-04-06
821,Customer_821,West,2022-10-21
822,Customer_822,North,2022-07-28
823,Customer_823,South,2022-12-09
824,Customer_824,South,2022-03-29
825,Customer_825,South,2023-01-25
826,Customer_826,West,2022-11-21
827,Customer_827,South,2022-06-06
828,Customer_828,South,2023-10-30
829,Customer_829,East,2023-10-13
830,Customer_830,South,2023-09-25
831,Customer_831,North,2023-07-31
832,Customer_832,South,2023-09-11
833,Customer_833,North,2023-10-21
834,Customer_834,North,2022-05-17
835,Customer_835,South,2023-11-05
836,Customer_836,South,2023-03-04
837,Customer_837,West,2023-03-28
838,Customer_838,South,2023-09-04
839,Customer_839,East,2022-05-21
840,Customer_840,East,2022-03-24
841,Customer_841,North,2022-06-26
842,Customer_842,East,2022-07-17
843,Customer_843,North,2023-09-16
844,Customer_844,West,2023-07-22
845,Customer_845,North,2023-11-22
846,Customer_846,South,2023-02-25
847,Customer_847,North,2023-02-05
848,Customer_848,West,2023-11-29
849,Customer_849,South,2023-04-16
850,Customer_850,East,2022-08-06
851,Customer_851,North,2023-09-24
852,Customer_852,East,2022-06-24
853,Customer_853,North,2022-01-23
854,Customer_854,West,2022-08-23
855,Customer_855,North,2022-01-13
856,Customer_856,North,2022-04-11
857,Customer_857,North,2023-06-20
858,Customer_858,South,2023-06-07
859,Customer_859,East,2023-03-28
860,Customer_860,North,2023-03-07
861,Customer_861,East,2023-08-29
862,Customer_862,South,2023-06-17
863,Customer_863,South,2023-10-14
864,Customer_864,South,2022-10-20
865,Customer_865,South,2022-04-11
866,Customer_866,East,2023-05-17
867,Customer_867,North,2022-10-31
868,Customer_868,North,2023-06-24
869,Customer_869,West,2023-07-07
870,Customer_870,West,2022-12-21
871,Customer_871,South,2022-10-30
872,Customer_872,North,2023-05-11
873,Customer_873,East,2023-10-20
874,Customer_874,South,2022-08-15
875,Customer_875,North,2022-08-24
876,Customer_876,North,2023-03-31
877,Customer_877,East,2022-01-13
878,Customer_878,East,2022-07-29
879,Customer_879,North,2023-02-01
880,Customer_880,North,2022-04-10
881,Customer_881,North,2022-01-31
882,Customer_882,East,2023-06-12
883,Customer_883,North,2023-10-11
884,Customer_884,North,2022-11-25
885,Customer_885,East,2022-06-15
886,Customer_886,North,2023-04-04
887,Customer_887,East,2022-04-10
888,Customer_888,North,2023-09-13
889,Customer_889,North,2022-06-22
890,Customer_890,North,2022-06-11
891,Customer_891,East,2022-09-20
892,Customer_892,West,2022-10-01
893,Customer_893,West,2022-01-03
894,Customer_894,South,2022-01-28
895,Customer_895,East,2022-11-22
896,Customer_896,North,2022-05-29
897,Customer_897,North,2023-06-24
898,Customer_898,West,2023-05-03
899,Customer_899,North,2023-03-14
900,Customer_900,North,2022-03-06
901,Customer_901,North,2022-12-22
902,Customer_902,North,2023-06-17
903,Customer_903,North,2022-09-09
904,Customer_904,East,2022-08-23
905,Customer_905,South,2022-08-15
906,Customer_906,West,2023-06-09
907,Customer_907,West,2022-11-09
908,Customer_908,South,2022-02-18
909,Customer_909,North,2022-04-28
910,Customer_910,South,2022-02-23
911,Customer_911,East,2023-10-12
912,Customer_912,North,2023-07-19
913,Customer_913,East,2022-02-13
914,Customer_914,South,2022-02-22
915,Customer_915,East,2023-08-09
916,Customer_916,South,2023-07-12
917,Customer_917,North,2023-06-09
918,Customer_918,West,2023-11-08
919,Customer_919,East,2022-04-12
920,Customer_920,North,2023-02-02
921,Customer_921,West,2022-05-18
922,Customer_922,South,2023-11-06
923,Customer_923,West,2023-01-22
924,Customer_924,East,2022-04-21
925,Customer_925,South,2023-09-06
926,Customer_926,North,2022-01-17
927,Customer_927,North,2022-07-01
928,Customer_928,South,2023-06-20
929,Customer_929,East,2023-06-25
930,Customer_930,North,2022-06-20
931,Customer_931,North,2023-02-13
932,Customer_932,West,2023-01-13
933,Customer_933,West,2022-07-07
934,Customer_934,South,2022-08-18
935,Customer_935,North,2022-04-29
936,Customer_936,North,2022-06-05
937,Customer_937,North,2023-11-18
938,Customer_938,West,2023-04-10
939,Customer_939,North,2022-04-14
940,Customer_940,East,2023-08-27
941,Customer_941,North,2023-11-29
942,Customer_942,East,2023-05-17
943,Customer_943,East,2023-11-24
944,Customer_944,West,2023-11-13
945,Customer_945,North,2023-11-30
946,Customer_946,North,2022-06-24
947,Customer_947,North,2023-11-05
948,Customer_948,West,2023-02-25
949,Customer_949,West,2022-05-14
950,Customer_950,East,2023-01-26
951,Customer_951,East,2023-05-16
952,Customer_952,East,2023-10-27
953,Customer_953,North,2022-02-02
954,Customer_954,West,2022-02-24
955,Customer_955,South,2023-06-03
956,Customer_956,South,2023-09-30
957,Customer_957,South,2022-01-12
958,Customer_958,North,2023-06-12
959,Customer_959,North,2023-07-09
960,Customer_960,East,2023-01-08
961,Customer_961,North,2023-04-29
962,Customer_962,East,2023-10-09
963,Customer_963,North,2022-08-16
964,Customer_964,South,2023-09-15
965,Customer_965,North,2022-11-03
966,Customer_966,South,2023-04-02
967,Customer_967,East,2022-06-09
968,Customer_968,North,2022-11-27
969,Customer_969,East,2022-08-13
970,Customer_970,South,2023-05-19
971,Customer_971,East,2023-04-01
972,Customer_972,West,2022-02-14
973,Customer_973,East,2022-08-02
974,Customer_974,North,2022-02-28
975,Customer_975,North,2023-10-06
976,Customer_976,North,2023-09-08
977,Customer_977,East,2022-07-14
978,Customer_978,North,2023-05-04
979,Customer_979,South,2022-06-06
980,Customer_980,East,2023-09-02
981,Customer_981,South,2022-08-14
982,Customer_982,East,2023-02-16
983,Customer_983,North,2022-07-24
984,Customer_984,North,2022-03-20
985,Customer_985,East,2022-05-04
986,Customer_986,South,2023-04-16
987,Customer_987,East,2022-08-06
988,Customer_988,South,2023-05-31
989,Customer_989,North,2023-08-25
990,Customer_990,West,2022-04-14
991,Customer_991,East,2023-01-28
992,Customer_992,East,2023-09-23
993,Customer_993,North,2023-10-07
994,Customer_994,East,2023-08-31
995,Customer_995,South,2023-03-10
996,Customer_996,North,2022-11-27
997,Customer_997,West,2022-05-23
998,Customer_998,North,2023-06-24
999,Customer_999,West,2022-10-05
1000,Customer_1000,South,2022-08-21
1001,Customer_1001,North,2023-06-13
1002,Customer_1002,South,2023-07-25
1003,Customer_1003,West,2022-03-31
1004,Customer_1004,East,2023-05-07
1005,Customer_1005,West,2022-07-18
1006,Customer_1006,East,2022-12-28
1007,Customer_1007,East,2023-03-17
1008,Customer_1008,West,2022-01-26
1009,Customer_1009,North,2022-01-25
1010,Customer_1010,South,2023-01-29
1011,Customer_1011,North,2023-05-22
1012,Customer_1012,West,2022-10-28
1013,Customer_1013,West,2022-12-05
1014,Customer_1014,North,2022-09-24
1015,Customer_1015,East,2023-04-06
1016,Customer_1016,West,2023-11-24
1017,Customer_1017,North,2023-04-01
1018,Customer_1018,East,2022-12-26
1019,Customer_1019,West,2022-03-09
1020,Customer_1020,North,2023-02-16
1021,Customer_1021,East,2023-05-06
1022,Customer_1022,North,2022-02-18
1023,Customer_1023,West,2023-11-18
1024,Customer_1024,West,2023-07-18
1025,Customer_1025,West,2022-04-12
1026,Customer_1026,South,2022-08-04
1027,Customer_1027,West,2023-03-14
1028,Customer_1028,West,2023-12-01
1029,Customer_1029,South,2023-07-23
1030,Customer_1030,West,2023-07-13
1031,Customer_1031,North,2022-06-08
1032,Customer_1032,East,2023-05-04
1033,Customer_1033,North,2023-11-17
1034,Customer_1034,North,2022-08-30
1035,Customer_1035,North,2022-01-05
1036,Customer_1036,East,2023-08-19
1037,Customer_1037,South,2022-12-27
1038,Customer_1038,East,2023-04-04
1039,Customer_1039,North,2022-09-05
1040,Customer_1040,South,2023-07-20
1041,Customer_1041,South,2023-11-04
1042,Customer_1042,East,2023-02-26
1043,Customer_1043,South,2022-01-15
1044,Customer_1044,East,2023-07-27
1045,Customer_1045,West,2022-05-02
1046,Customer_1046,East,2022-10-04
1047,Customer_1047,North,2023-07-12
1048,Customer_1048,North,2023-03-29
1049,Customer_1049,West,2023-01-25
1050,Customer_1050,North,2022-10-21
1051,Customer_1051,West,2023-07-28
1052,Customer_1052,South,2023-08-21
1053,Customer_1053,West,2023-03-22
1054,Customer_1054,East,2022-07-29
1055,Customer_1055,West,2023-08-13
1056,Customer_1056,South,2022-10-29
1057,Customer_1057,East,2022-08-11
1058,Customer_1058,South,2022-01-03
1059,Customer_1059,South,2023-06-02
1060,Customer_1060,East,2022-04-03
1061,Customer_1061,West,2023-06-04
1062,Customer_1062,West,2023-03-04
1063,Customer_1063,East,2023-05-08
1064,Customer_1064,South,2022-08-23
1065,Customer_1065,South,2023-09-12
1066,Customer_1066,East,2022-06-10
1067,Customer_1067,North,2022-11-27
1068,Customer_1068,North,2022-11-29
1069,Customer_1069,South,2022-02-19
1070,Customer_1070,North,2023-06-07
1071,Customer_1071,North,2023-10-30
1072,Customer_1072,North,2023-05-07
1073,Customer_1073,North,2023-08-05
1074,Customer_1074,North,2023-11-12
1075,Customer_1075,West,2022-09-29
1076,Customer_1076,South,2023-08-03
1077,Customer_1077,South,2022-09-09
1078,Customer_1078,East,2023-07-14
1079,Customer_1079,North,2023-11-27
1080,Customer_1080,West,2023-11-30
1081,Customer_1081,East,2022-03-31
1082,Customer_1082,North,2023-03-22
1083,Customer_1083,South,2022-11-28
1084,Customer_1084,West,2022-05-19
1085,Customer_1085,West,2022-12-23
1086,Customer_1086,South,2023-08-24
1087,Customer_1087,East,2022-10-01
1088,Customer_1088,North,2022-01-19
1089,Customer_1089,West,2022-11-07
1090,Customer_1090,North,2022-06-03
1091,Customer_1091,West,2023-01-25
1092,Customer_1092,East,2022-09-17
1093,Customer_1093,East,2023-09-12
1094,Customer_1094,South,2023-07-25
1095,Customer_1095,North,2022-05-05
1096,Customer_1096,North,2022-12-20
1097,Customer_1097,North,2022-09-30
1098,Customer_1098,North,2023-09-11
1099,Customer_1099,East,2022-09-02
1100,Customer_1100,South,2023-03-26
1101,Customer_1101,North,2022-09-04
1102,Customer_1102,West,2023-06-04
1103,Customer_1103,West,2022-05-21
1104,Customer_1104,West,2022-12-28
1105,Customer_1105,West,2022-01-08
1106,Customer_1106,North,2023-04-23
1107,Customer_1107,South,2022-12-18
1108,Customer_1108,East,2023-05-10
1109,Customer_1109,East,2023-08-29
1110,Customer_1110,North,2023-03-03
1111,Customer_1111,West,2022-02-08
1112,Customer_1112,North,2023-08-16
1113,Customer_1113,North,2022-07-06
1114,Customer_1114,South,2023-08-19
1115,Customer_1115,East,2023-08-23
1116,Customer_1116,East,2022-04-03
1117,Customer_1117,North,2022-03-27
1118,Customer_1118,West,2022-02-13
1119,Customer_1119,North,2022-05-17
1120,Customer_1120,North,2023-02-25
1121,Customer_1121,West,2022-03-15
1122,Customer_1122,West,2023-07-02
1123,Customer_1123,West,2023-09-05
1124,Customer_1124,West,2023-05-27
1125,Customer_1125,East,2022-06-05
1126,Customer_1126,East,2022-09-12
1127,Customer_1127,North,2022-06-20
1128,Customer_1128,South,2022-06-19
1129,Customer_1129,South,2022-11-18
1130,Customer_1130,North,2023-07-21
1131,Customer_1131,East,2023-04-01
1132,Customer_1132,South,2023-08-26
1133,Customer_1133,North,2023-09-05
1134,Customer_1134,North,2022-06-04
1135,Customer_1135,East,2022-12-15
1136,Customer_1136,North,2023-03-27
1137,Customer_1137,West,2023-10-15
1138,Customer_1138,South,2022-06-22
1139,Customer_1139,South,2022-01-10
1140,Customer_1140,East,2022-09-22
1141,Customer_1141,West,2023-03-14
1142,Customer_1142,South,2022-09-04
1143,Customer_1143,East,2023-10-29
1144,Customer_1144,East,2023-06-30
1145,Customer_1145,North,2023-05-14
1146,Customer_1146,West,2022-05-09
1147,Customer_1147,East,2023-11-03
1148,Customer_1148,East,2023-08-24
1149,Customer_1149,West,2023-08-28
1150,Customer_1150,West,2022-11-23
1151,Customer_1151,East,2023-02-08
1152,Customer_1152,West,2023-09-21
1153,Customer_1153,East,2023-08-29
1154,Customer_1154,East,2023-11-06
1155,Customer_1155,East,2023-09-03
1156,Customer_1156,East,2023-09-17
1157,Customer_1157,North,2022-12-25
1158,Customer_1158,West,2023-08-26
1159,Customer_1159,West,2022-01-17
1160,Customer_1160,North,2022-10-01
1161,Customer_1161,West,2023-11-16
1162,Customer_1162,North,2022-04-26
1163,Customer_1163,South,2023-11-24
1164,Customer_1164,East,2022-04-01
1165,Customer_1165,North,2022-03-23
1166,Customer_1166,West,2022-11-20
1167,Customer_1167,West,2022-04-24
1168,Customer_1168,South,2022-02-27
1169,Customer_1169,North,2022-06-03
1170,Customer_1170,North,2023-02-08
1171,Customer_1171,East,2023-09-20
1172,Customer_1172,West,2022-09-23
1173,Customer_1173,East,2022-11-11
1174,Customer_1174,North,2022-02-10
1175,Customer_1175,East,2022-04-15
1176,Customer_1176,South,2022-07-12
1177,Customer_1177,East,2023-02-05
1178,Customer_1178,North,2022-10-05
1179,Customer_1179,East,2022-12-20
1180,Customer_1180,South,2023-08-03
1181,Customer_1181,West,2022-09-13
1182,Customer_1182,South,2023-10-13
1183,Customer_1183,East,2023-10-23
1184,Customer_1184,West,2022-04-09
1185,Customer_1185,North,2023-08-11
1186,Customer_1186,West,2022-10-09
1187,Customer_1187,East,2023-02-07
1188,Customer_1188,North,2022-04-19
1189,Customer_1189,South,2023-12-01
1190,Customer_1190,East,2022-07-18
1191,Customer_1191,North,2022-10-30
1192,Customer_1192,East,2022-11-23
1193,Customer_1193,South,2022-06-03
1194,Customer_1194,East,2023-07-06
1195,Customer_1195,North,2023-10-07
1196,Customer_1196,West,2023-02-09
1197,Customer_1197,West,2023-04-07
1198,Customer_1198,West,2022-05-12
1199,Customer_1199,East,2022-03-25
1200,Customer_1200,North,2023-02-03
1201,Customer_1201,East,2023-09-20
1202,Customer_1202,North,2022-04-19
1203,Customer_1203,North,2022-08-09
1204,Customer_1204,South,2023-07-07
1205,Customer_1205,South,2023-01-03
1206,Customer_1206,East,2022-05-27
1207,Customer_1207,East,2022-04-22
1208,Customer_1208,South,2023-09-07
1209,Customer_1209,North,2023-07-12
1210,Customer_1210,West,2023-05-09
1211,Customer_1211,South,2023-05-20
1212,Customer_1212,South,2023-04-20
1213,Customer_1213,North,2022-09-28
1214,Customer_1214,East,2023-02-25
1215,Customer_1215,East,2023-01-02
1216,Customer_1216,North,2022-10-07
1217,Customer_1217,North,2022-10-10
1218,Customer_1218,East,2022-02-09
1219,Customer_1219,East,2022-07-08
1220,Customer_1220,North,2022-06-13
1221,Customer_1221,West,2023-06-20
1222,Customer_1222,North,2023-06-20
1223,Customer_1223,South,2022-01-04
1224,Customer_1224,West,2022-10-17
1225,Customer_1225,South,2023-03-09
1226,Customer_1226,East,2023-04-16
1227,Customer_1227,South,2022-06-30
1228,Customer_1228,North,2022-09-05
1229,Customer_1229,West,2023-09-20
1230,Customer_1230,South,2022-10-06
1231,Customer_1231,West,2023-08-04
1232,Customer_1232,North,2022-09-11
1233,Customer_1233,North,2022-06-30
1234,Customer_1234,North,2023-11-12
1235,Customer_1235,East,2023-05-24
1236,Customer_1236,South,2023-12-01
1237,Customer_1237,West,2023-07-20
1238,Customer_1238,South,2022-11-22
1239,Customer_1239,West,2022-12-23
1240,Customer_1240,North,2023-10-12
1241,Customer_1241,West,2023-11-11
1242,Customer_1242,East,2023-01-26
1243,Customer_1243,East,2023-09-07
1244,Customer_1244,West,2022-03-26
1245,Customer_1245,East,2022-11-13
1246,Customer_1246,East,2022-07-31
1247,Customer_1247,North,2023-05-30
1248,Customer_1248,North,2023-01-19
1249,Customer_1249,West,2023-11-22
1250,Customer_1250,East,2022-12-08
1251,Customer_1251,East,2022-02-07
1252,Customer_1252,South,2023-05-26
1253,Customer_1253,North,2023-02-24
1254,Customer_1254,North,2022-06-18
1255,Customer_1255,East,2022-12-09
1256,Customer_1256,South,2022-11-02
1257,Customer_1257,North,2023-06-26
1258,Customer_1258,South,2023-06-21
1259,Customer_1259,North,2022-04-22
1260,Customer_1260,East,2023-02-15
1261,Customer_1261,North,2022-07-25
1262,Customer_1262,East,2022-07-04
1263,Customer_1263,South,2023-01-17
1264,Customer_1264,South,2023-05-11
1265,Customer_1265,North,2023-01-14
1266,Customer_1266,North,2022-02-16
1267,Customer_1267,South,2023-07-05
1268,Customer_1268,South,2023-06-12
1269,Customer_1269,East,2023-05-19
1270,Customer_1270,North,2022-01-22
1271,Customer_1271,East,2022-08-01
1272,Customer_1272,West,2022-11-06
1273,Customer_1273,East,2023-10-23
1274,Customer_1274,North,2022-09-29
1275,Customer_1275,South,2023-07-25
1276,Customer_1276,North,2022-07-21
1277,Customer_1277,North,2022-02-01
1278,Customer_1278,West,2023-03-19
1279,Customer_1279,North,2022-06-11
1280,Customer_1280,South,2022-09-11
1281,Customer_1281,East,2023-06-05
1282,Customer_1282,East,2023-10-13
1283,Customer_1283,East,2023-04-25
1284,Customer_1284,North,2022-01-10
1285,Customer_1285,South,2023-05-20
1286,Customer_1286,South,2023-07-14
1287,Customer_1287,North,2023-03-12
1288,Customer_1288,South,2022-04-21
1289,Customer_1289,North,2022-06-02
1290,Customer_1290,North,2023-09-27
1291,Customer_1291,South,2022-04-12
1292,Customer_1292,North,2022-07-10
1293,Customer_1293,East,2023-07-17
1294,Customer_1294,East,2022-03-22
1295,Customer_1295,West,2023-05-04
1296,Customer_1296,North,2022-03-29
1297,Customer_1297,North,2022-07-13
1298,Customer_1298,North,2022-04-14
1299,Customer_1299,East,2022-04-06
1300,Customer_1300,East,2023-02-27
1301,Customer_1301,North,2022-07-17
1302,Customer_1302,West,2022-01-01
1303,Customer_1303,North,2023-02-11
1304,Customer_1304,South,2023-01-13
1305,Customer_1305,East,2022-06-16
1306,Customer_1306,West,2023-05-24
1307,Customer_1307,East,2023-09-30
1308,Customer_1308,West,2022-11-09
1309,Customer_1309,South,2023-08-16
1310,Customer_1310,West,2023-02-22
1311,Customer_1311,North,2023-11-12
1312,Customer_1312,West,2023-04-22
1313,Customer_1313,South,2022-03-14
1314,Customer_1314,West,2022-05-21
1315,Customer_1315,South,2023-08-05
1316,Customer_1316,East,2022-09-19
1317,Customer_1317,South,2022-12-06
1318,Customer_1318,East,2022-11-04
1319,Customer_1319,North,2022-09-02
1320,Customer_1320,North,2023-05-30
1321,Customer_1321,North,2022-12-03
1322,Customer_1322,North,2023-07-29
1323,Customer_1323,West,2023-07-15
1324,Customer_1324,North,2022-03-17
1325,Customer_1325,West,2022-06-24
1326,Customer_1326,South,2022-04-19
1327,Customer_1327,North,2022-07-02
1328,Customer_1328,East,2022-07-11
1329,Customer_1329,East,2022-03-06
1330,Customer_1330,South,2023-04-19
1331,Customer_1331,East,2022-04-10
1332,Customer_1332,East,2023-06-28
1333,Customer_1333,North,2022-05-08
1334,Customer_1334,West,2023-03-28
1335,Customer_1335,West,2023-01-04
1336,Customer_1336,East,2022-02-12
1337,Customer_1337,North,2023-02-23
1338,Customer_1338,East,2023-05-03
1339,Customer_1339,North,2022-03-19
1340,Customer_1340,North,2022-09-27
1341,Customer_1341,North,2023-11-05
1342,Customer_1342,South,2022-11-11
1343,Customer_1343,West,2022-06-17
1344,Customer_1344,East,2022-12-05
1345,Customer_1345,East,2022-07-12
1346,Customer_1346,South,2023-03-29
1347,Customer_1347,South,2022-10-10
1348,Customer_1348,South,2022-12-02
1349,Customer_1349,West,2023-01-25
1350,Customer_1350,North,2023-06-09
1351,Customer_1351,West,2022-08-28
1352,Customer_1352,East,2023-04-28
1353,Customer_1353,South,2023-10-21
1354,Customer_1354,East,2023-08-15
1355,Customer_1355,South,2023-07-09
1356,Customer_1356,West,2023-04-03
1357,Customer_1357,West,2022-03-30
1358,Customer_1358,South,2023-10-22
1359,Customer_1359,North,2022-04-05
1360,Customer_1360,East,2023-03-28
1361,Customer_1361,West,2023-03-04
1362,Customer_1362,North,2022-05-31
1363,Customer_1363,East,2023-05-29
1364,Customer_1364,East,2023-01-11
1365,Customer_1365,East,2022-01-22
1366,Customer_1366,North,2022-11-09
1367,Customer_1367,East,2023-06-03
1368,Customer_1368,West,2022-07-25
1369,Customer_1369,North,2023-01-10
1370,Customer_1370,North,2023-03-27
1371,Customer_1371,West,2023-09-18
1372,Customer_1372,North,2023-08-18
1373,Customer_1373,West,2022-06-28
1374,Customer_1374,South,2022-07-29
1375,Customer_1375,North,2023-05-15
1376,Customer_1376,West,2023-04-09
1377,Customer_1377,South,2022-05-04
1378,Customer_1378,South,2022-04-23
1379,Customer_1379,South,2022-01-12
1380,Customer_1380,East,2022-05-06
1381,Customer_1381,North,2023-07-19
1382,Customer_1382,South,2022-11-27
1383,Customer_1383,West,2022-10-10
1384,Customer_1384,North,2022-05-20
1385,Customer_1385,East,2023-02-05
1386,Customer_1386,South,2022-04-07
1387,Customer_1387,East,2023-06-01
1388,Customer_1388,North,2023-07-23
1389,Customer_1389,West,2022-03-10
1390,Customer_1390,South,2022-04-28
1391,Customer_1391,North,2022-02-28
1392,Customer_1392,North,2022-02-02
1393,Customer_1393,North,2022-11-14
1394,Customer_1394,South,2022-02-19
1395,Customer_1395,South,2023-05-04
1396,Customer_1396,West,2022-01-19
1397,Customer_1397,South,2022-07-16
1398,Customer_1398,North,2023-03-26
1399,Customer_1399,East,2023-07-13
1400,Customer_1400,East,2023-11-10
1401,Customer_1401,North,2023-03-28
1402,Customer_1402,North,2022-10-16
1403,Customer_1403,North,2022-05-21
1404,Customer_1404,East,2022-03-25
1405,Customer_1405,East,2023-11-25
1406,Customer_1406,South,2023-01-26
1407,Customer_1407,West,2023-08-14
1408,Customer_1408,West,2022-08-03
1409,Customer_1409,East,2023-06-10
1410,Customer_1410,West,2022-08-03
1411,Customer_1411,North,2023-02-07
1412,Customer_1412,North,2022-05-08
1413,Customer_1413,North,2023-04-22
1414,Customer_1414,North,2023-02-08
1415,Customer_1415,South,2022-01-29
1416,Customer_1416,West,2022-12-04
1417,Customer_1417,North,2022-12-27
1418,Customer_1418,North,2023-07-23
1419,Customer_1419,South,2023-01-27
1420,Customer_1420,West,2022-08-06
1421,Customer_1421,South,2023-07-28
1422,Customer_1422,South,2023-10-31
1423,Customer_1423,North,2022-07-21
1424,Customer_1424,North,2022-01-17
1425,Customer_1425,West,2022-11-18
1426,Customer_1426,West,2023-06-02
1427,Customer_1427,North,2023-07-24
1428,Customer_1428,West,2022-11-21
1429,Customer_1429,East,2023-02-16
1430,Customer_1430,West,2022-11-14
1431,Customer_1431,South,2023-11-12
1432,Customer_1432,South,2022-03-23
1433,Customer_1433,South,2023-04-19
1434,Customer_1434,East,2023-04-13
1435,Customer_1435,North,2023-03-01
1436,Customer_1436,North,2023-11-20
1437,Customer_1437,South,2022-07-23
1438,Customer_1438,East,2023-08-06
1439,Customer_1439,North,2023-01-22
1440,Customer_1440,East,2022-04-08
1441,Customer_1441,West,2022-12-11
1442,Customer_1442,North,2022-07-27
1443,Customer_1443,East,2023-05-29
1444,Customer_1444,South,2023-09-28
1445,Customer_1445,West,2023-08-09
1446,Customer_1446,North,2022-06-15
1447,Customer_1447,East,2022-01-22
1448,Customer_1448,West,2022-06-03
1449,Customer_1449,West,2023-03-15
1450,Customer_1450,East,2022-10-22
1451,Customer_1451,South,2022-08-07
1452,Customer_1452,East,2023-10-31
1453,Customer_1453,West,2023-05-10
1454,Customer_1454,East,2022-08-18
1455,Customer_1455,North,2022-01-20
1456,Customer_1456,West,2023-07-07
1457,Customer_1457,East,2022-05-28
1458,Customer_1458,East,2022-04-18
1459,Customer_1459,North,2023-02-07
1460,Customer_1460,East,2023-08-19
1461,Customer_1461,South,2023-04-28
1462,Customer_1462,East,2023-01-02
1463,Customer_1463,North,2023-02-18
1464,Customer_1464,East,2022-11-05
1465,Customer_1465,West,2022-05-14
1466,Customer_1466,North,2022-10-10
1467,Customer_1467,West,2022-03-14
1468,Customer_1468,South,2023-04-26
1469,Customer_1469,West,2022-12-18
1470,Customer_1470,East,2023-07-14
1471,Customer_1471,East,2022-11-22
1472,Customer_1472,East,2023-03-19
1473,Customer_1473,West,2022-04-10
1474,Customer_1474,South,2022-02-28
1475,Customer_1475,South,2023-05-23
1476,Customer_1476,East,2022-09-15
1477,Customer_1477,West,2023-02-17
1478,Customer_1478,East,2023-03-28
1479,Customer_1479,East,2022-03-06
1480,Customer_1480,South,2023-08-18
1481,Customer_1481,West,2022-06-03
1482,Customer_1482,North,2022-09-23
1483,Customer_1483,South,2022-03-20
1484,Customer_1484,North,2022-11-11
1485,Customer_1485,South,2023-10-24
1486,Customer_1486,South,2023-07-14
1487,Customer_1487,South,2022-09-05
1488,Customer_1488,East,2023-09-02
1489,Customer_1489,South,2023-02-18
1490,Customer_1490,South,2022-01-25
1491,Customer_1491,North,2022-10-11
1492,Customer_1492,South,2023-03-25
1493,Customer_1493,North,2022-10-28
1494,Customer_1494,North,2022-03-09
1495,Customer_1495,East,2022-01-07
1496,Customer_1496,East,2022-05-17
1497,Customer_1497,East,2022-06-13
1498,Customer_1498,South,2022-03-24
1499,Customer_1499,South,2023-10-12
1500,Customer_1500,West,2023-02-24
1501,Customer_1501,South,2022-03-14
1502,Customer_1502,South,2022-08-25
1503,Customer_1503,North,2022-02-15
1504,Customer_1504,South,2023-09-10
1505,Customer_1505,South,2022-09-19
1506,Customer_1506,South,2022-06-25
1507,Customer_1507,East,2022-06-15
1508,Customer_1508,South,2023-10-19
1509,Customer_1509,East,2023-01-05
1510,Customer_1510,East,2022-02-23
1511,Customer_1511,West,2023-11-21
1512,Customer_1512,East,2023-02-23
1513,Customer_1513,West,2023-05-22
1514,Customer_1514,North,2022-12-07
1515,Customer_1515,North,2022-05-07
1516,Customer_1516,North,2023-02-13
1517,Customer_1517,East,2023-01-02
1518,Customer_1518,West,2022-09-28
1519,Customer_1519,North,2023-10-06
1520,Customer_1520,West,2023-08-28
1521,Customer_1521,North,2023-01-14
1522,Customer_1522,West,2022-03-14
1523,Customer_1523,South,2022-09-05
1524,Customer_1524,North,2022-02-12
1525,Customer_1525,South,2023-01-12
1526,Customer_1526,North,2022-02-10
1527,Customer_1527,North,2022-06-19
1528,Customer_1528,South,2022-07-31
1529,Customer_1529,West,2023-05-08
1530,Customer_1530,South,2023-11-11
1531,Customer_1531,South,2022-02-08
1532,Customer_1532,East,2023-01-04
1533,Customer_1533,East,2022-05-31
1534,Customer_1534,North,2022-04-21
1535,Customer_1535,South,2023-04-25
1536,Customer_1536,North,2023-03-12
1537,Customer_1537,North,2022-02-16
1538,Customer_1538,East,2023-07-29
1539,Customer_1539,North,2023-01-01
1540,Customer_1540,South,2022-03-10
1541,Customer_1541,East,2022-10-26
1542,Customer_1542,North,2022-10-23
1543,Customer_1543,East,2022-07-22
1544,Customer_1544,North,2022-03-02
1545,Customer_1545,West,2022-11-10
1546,Customer_1546,South,2022-06-10
1547,Customer_1547,West,2022-11-27
1548,Customer_1548,East,2023-06-12
1549,Customer_1549,North,2022-12-04
1550,Customer_1550,East,2023-08-29
1551,Customer_1551,West,2022-10-31
1552,Customer_1552,East,2023-05-18
1553,Customer_1553,West,2023-10-12
1554,Customer_1554,West,2022-12-04
1555,Customer_1555,North,2023-07-04
1556,Customer_1556,North,2023-10-01
1557,Customer_1557,East,2022-10-02
1558,Customer_1558,South,2022-06-13
1559,Customer_1559,West,2023-03-19
1560,Customer_1560,West,2022-11-15
1561,Customer_1561,South,2023-08-12
1562,Customer_1562,North,2023-05-19
1563,Customer_1563,East,2023-11-17
1564,Customer_1564,North,2023-01-22
1565,Customer_1565,West,2023-08-26
1566,Customer_1566,South,2023-11-22
1567,Customer_1567,East,2023-05-09
1568,Customer_1568,North,2023-05-05
1569,Customer_1569,East,2022-03-14
1570,Customer_1570,South,2023-05-24
1571,Customer_1571,East,2023-01-25
1572,Customer_1572,North,2023-09-11
1573,Customer_1573,East,2022-10-22
1574,Customer_1574,West,2023-01-04
1575,Customer_1575,North,2023-11-25
1576,Customer_1576,North,2023-07-03
1577,Customer_1577,North,2023-10-11
1578,Customer_1578,East,2023-07-22
1579,Customer_1579,East,2022-07-06
1580,Customer_1580,South,2023-03-21
1581,Customer_1581,North,2023-07-24
1582,Customer_1582,South,2022-12-29
1583,Customer_1583,East,2022-05-03
1584,Customer_1584,South,2022-07-07
1585,Customer_1585,West,2023-11-11
1586,Customer_1586,North,2023-02-24
1587,Customer_1587,East,2023-09-18
1588,Customer_1588,South,2022-09-09
1589,Customer_1589,South,2023-09-11
1590,Customer_1590,East,2023-07-03
1591,Customer_1591,East,2022-12-01
1592,Customer_1592,West,2022-04-02
1593,Customer_1593,North,2023-06-14
1594,Customer_1594,North,2022-03-04
1595,Customer_1595,East,2023-10-24
1596,Customer_1596,East,2023-05-27
1597,Customer_1597,North,2022-05-19
1598,Customer_1598,North,2023-11-29
1599,Customer_1599,North,2022-07-04
1600,Customer_1600,West,2022-07-24
1601,Customer_1601,North,2022-08-02
1602,Customer_1602,South,2022-09-13
1603,Customer_1603,North,2022-05-15
1604,Customer_1604,South,2023-07-27
1605,Customer_1605,North,2022-03-29
1606,Customer_1606,South,2022-07-26
1607,Customer_1607,North,2022-05-09
1608,Customer_1608,West,2022-01-03
1609,Customer_1609,North,2022-05-01
1610,Customer_1610,South,2023-01-20
1611,Customer_1611,West,2023-09-06
1612,Customer_1612,East,2022-02-07
1613,Customer_1613,South,2022-12-07
1614,Customer_1614,South,2023-10-07
1615,Customer_1615,South,2022-01-21
1616,Customer_1616,East,2022-08-30
1617,Customer_1617,West,2023-03-31
1618,Customer_1618,East,2023-09-13
1619,Customer_1619,East,2022-10-30
1620,Customer_1620,East,2023-08-19
1621,Customer_1621,South,2023-08-18
1622,Customer_1622,North,2022-03-10
1623,Customer_1623,East,2022-05-09
1624,Customer_1624,West,2022-07-15
1625,Customer_1625,North,2022-05-20
1626,Customer_1626,East,2023-03-20
1627,Customer_1627,North,2022-10-10
1628,Customer_1628,South,2022-11-08
1629,Customer_1629,North,2023-06-19
1630,Customer_1630,South,2023-10-27
1631,Customer_1631,East,2022-10-04
1632,Customer_1632,South,2022-03-02
1633,Customer_1633,East,2022-11-15
1634,Customer_1634,East,2022-02-21
1635,Customer_1635,West,2022-06-02
1636,Customer_1636,North,2022-11-07
1637,Customer_1637,South,2023-06-28
1638,Customer_1638,North,2023-07-21
1639,Customer_1639,West,2023-01-24
1640,Customer_1640,West,2023-07-02
1641,Customer_1641,South,2023-09-14
1642,Customer_1642,West,2022-06-26
1643,Customer_1643,South,2022-12-28
1644,Customer_1644,East,2022-11-10
1645,Customer_1645,North,2022-04-07
1646,Customer_1646,East,2022-08-01
1647,Customer_1647,North,2022-05-17
1648,Customer_1648,West,2022-01-06
1649,Customer_1649,East,2022-04-19
1650,Customer_1650,East,2023-07-01
1651,Customer_1651,North,2022-02-08
1652,Customer_1652,South,2023-10-24
1653,Customer_1653,North,2023-03-01
1654,Customer_1654,South,2023-09-22
1655,Customer_1655,North,2022-09-18
1656,Customer_1656,West,2023-03-02
1657,Customer_1657,East,2022-03-28
1658,Customer_1658,South,2023-04-10
1659,Customer_1659,South,2022-03-17
1660,Customer_1660,South,2023-04-16
1661,Customer_1661,East,2023-02-18
1662,Customer_1662,South,2023-04-02
1663,Customer_1663,West,2022-10-12
1664,Customer_1664,South,2022-08-27
1665,Customer_1665,West,2023-11-08
1666,Customer_1666,West,2023-08-22
1667,Customer_1667,North,2023-10-15
1668,Customer_1668,West,2023-11-03
1669,Customer_1669,North,2023-07-12
1670,Customer_1670,West,2023-01-07
1671,Customer_1671,South,2023-05-10
1672,Customer_1672,West,2023-09-16
1673,Customer_1673,West,2022-02-14
1674,Customer_1674,West,2023-02-05
1675,Customer_1675,East,2022-09-04
1676,Customer_1676,South,2023-09-08
1677,Customer_1677,North,2023-08-20
1678,Customer_1678,South,2023-03-26
1679,Customer_1679,North,2023-04-30
1680,Customer_1680,East,2023-10-08
1681,Customer_1681,South,2023-09-12
1682,Customer_1682,West,2022-01-18
1683,Customer_1683,East,2023-08-29
1684,Customer_1684,West,2023-10-24
1685,Customer_1685,North,2022-10-16
1686,Customer_1686,West,2023-02-18
1687,Customer_1687,West,2023-09-30
1688,Customer_1688,South,2022-08-23
1689,Customer_1689,East,2023-02-20
1690,Customer_1690,East,2023-05-14
1691,Customer_1691,North,2023-09-26
1692,Customer_1692,South,2023-10-12
1693,Customer_1693,South,2022-04-25
1694,Customer_1694,North,2023-11-05
1695,Customer_1695,South,2022-08-22
1696,Customer_1696,North,2023-06-24
1697,Customer_1697,North,2022-01-11
1698,Customer_1698,North,2022-07-25
1699,Customer_1699,West,2023-11-10
1700,Customer_1700,South,2022-09-04
1701,Customer_1701,West,2023-07-13
1702,Customer_1702,South,2022-05-07
1703,Customer_1703,South,2022-05-27
1704,Customer_1704,South,2022-04-28
1705,Customer_1705,South,2023-01-17
1706,Customer_1706,North,2023-02-16
1707,Customer_1707,East,2023-10-26
1708,Customer_1708,North,2023-08-07
1709,Customer_1709,East,2022-12-29
1710,Customer_1710,East,2023-05-24
1711,Customer_1711,North,2022-05-17
1712,Customer_1712,North,2022-06-24
1713,Customer_1713,East,2022-10-16
1714,Customer_1714,South,2023-04-26
1715,Customer_1715,North,2022-01-19
1716,Customer_1716,West,2022-07-14
1717,Customer_1717,North,2022-11-26
1718,Customer_1718,East,2022-06-24
1719,Customer_1719,West,2023-03-25
1720,Customer_1720,North,2022-12-20
1721,Customer_1721,North,2023-05-14
1722,Customer_1722,North,2022-05-21
1723,Customer_1723,South,2022-04-03
1724,Customer_1724,North,2022-08-27
1725,Customer_1725,East,2022-07-24
1726,Customer_1726,North,2023-07-14
1727,Customer_1727,South,2023-03-09
1728,Customer_1728,West,2022-09-02
1729,Customer_1729,West,2022-11-13
1730,Customer_1730,East,2022-10-22
1731,Customer_1731,South,2023-10-02
1732,Customer_1732,East,2022-10-09
1733,Customer_1733,South,2022-01-17
1734,Customer_1734,South,2022-03-12
1735,Customer_1735,North,2022-09-26
1736,Customer_1736,West,2022-11-21
1737,Customer_1737,South,2022-11-01
1738,Customer_1738,North,2023-03-27
1739,Customer_1739,South,2022-01-07
1740,Customer_1740,South,2022-11-10
1741,Customer_1741,West,2022-04-13
1742,Customer_1742,East,2022-07-12
1743,Customer_1743,East,2023-07-28
1744,Customer_1744,North,2023-06-13
1745,Customer_1745,South,2022-06-20
1746,Customer_1746,South,2023-06-21
1747,Customer_1747,North,2022-09-08
1748,Customer_1748,North,2023-01-22
1749,Customer_1749,East,2022-07-26
1750,Customer_1750,North,2023-06-25
1751,Customer_1751,South,2023-09-21
1752,Customer_1752,North,2023-02-20
1753,Customer_1753,North,2023-01-15
1754,Customer_1754,North,2022-05-24
1755,Customer_1755,West,2022-01-25
1756,Customer_1756,West,2023-10-30
1757,Customer_1757,West,2022-03-14
1758,Customer_1758,South,2023-09-24
1759,Customer_1759,North,2022-04-03
1760,Customer_1760,South,2023-05-20
1761,Customer_1761,South,2023-08-21
1762,Customer_1762,West,2022-12-02
1763,Customer_1763,North,2023-03-01
1764,Customer_1764,South,2023-05-14
1765,Customer_1765,North,2022-12-30
1766,Customer_1766,South,2023-09-22
1767,Customer_1767,East,2022-07-18
1768,Customer_1768,South,2023-02-17
1769,Customer_1769,South,2022-12-05
1770,Customer_1770,South,2023-10-21
1771,Customer_1771,South,2023-03-05
1772,Customer_1772,East,2022-05-19
1773,Customer_1773,West,2023-11-24
1774,Customer_1774,West,2023-06-26
1775,Customer_1775,East,2022-02-26
1776,Customer_1776,South,2022-08-20
1777,Customer_1777,East,2023-10-20
1778,Customer_1778,South,2023-03-11
1779,Customer_1779,North,2023-01-19
1780,Customer_1780,West,2023-07-14
1781,Customer_1781,North,2022-07-13
1782,Customer_1782,West,2023-10-10
1783,Customer_1783,South,2023-06-18
1784,Customer_1784,East,2023-06-02
1785,Customer_1785,East,2022-07-04
1786,Customer_1786,West,2022-10-19
1787,Customer_1787,East,2022-12-01
1788,Customer_1788,East,2022-04-26
1789,Customer_1789,North,2022-02-18
1790,Customer_1790,South,2023-11-16
1791,Customer_1791,North,2022-03-23
1792,Customer_1792,East,2022-11-29
1793,Customer_1793,South,2023-07-11
1794,Customer_1794,East,2022-12-01
1795,Customer_1795,North,2023-06-16
1796,Customer_1796,North,2022-08-09
1797,Customer_1797,East,2023-09-27
1798,Customer_1798,North,2022-11-19
1799,Customer_1799,North,2022-01-03
1800,Customer_1800,North,2023-11-25
1801,Customer_1801,West,2022-07-25
1802,Customer_1802,East,2022-02-09
1803,Customer_1803,South,2022-02-28
1804,Customer_1804,North,2023-07-28
1805,Customer_1805,South,2023-10-06
1806,Customer_1806,East,2023-05-22
1807,Customer_1807,East,2023-07-26
1808,Customer_1808,North,2022-05-02
1809,Customer_1809,North,2023-04-24
1810,Customer_1810,North,2023-09-11
1811,Customer_1811,East,2022-04-06
1812,Customer_1812,East,2023-02-18
1813,Customer_1813,North,2022-08-23
1814,Customer_1814,North,2022-03-03
1815,Customer_1815,North,2022-09-13
1816,Customer_1816,West,2023-07-15
1817,Customer_1817,North,2022-12-14
1818,Customer_1818,East,2023-11-02
1819,Customer_1819,East,2022-05-04
1820,Customer_1820,South,2023-04-27
1821,Customer_1821,North,2022-11-13
1822,Customer_1822,North,2023-05-19
1823,Customer_1823,East,2022-02-17
1824,Customer_1824,East,2023-02-13
1825,Customer_1825,East,2022-05-16
1826,Customer_1826,South,2022-07-20
1827,Customer_1827,North,2022-09-07
1828,Customer_1828,West,2022-11-10
1829,Customer_1829,East,2023-01-03
1830,Customer_1830,North,2023-03-05
1831,Customer_1831,West,2023-04-25
1832,Customer_1832,East,2022-11-10
1833,Customer_1833,East,2023-05-15
1834,Customer_1834,East,2022-12-21
1835,Customer_1835,West,2023-04-30
1836,Customer_1836,East,2022-07-30
1837,Customer_1837,North,2022-02-13
1838,Customer_1838,South,2023-06-25
1839,Customer_1839,West,2023-07-25
1840,Customer_1840,North,2023-08-06
1841,Customer_1841,South,2022-04-02
1842,Customer_1842,South,2022-09-22
1843,Customer_1843,South,2022-08-08
1844,Customer_1844,East,2023-03-18
1845,Customer_1845,West,2023-02-05
1846,Customer_1846,North,2023-02-04
1847,Customer_1847,North,2023-07-30
1848,Customer_1848,North,2023-05-05
1849,Customer_1849,West,2023-04-30
1850,Customer_1850,East,2023-04-15
1851,Customer_1851,North,2023-07-28
1852,Customer_1852,West,2023-11-13
1853,Customer_1853,West,2023-03-21
1854,Customer_1854,West,2022-09-26
1855,Customer_1855,West,2022-09-24
1856,Customer_1856,North,2022-02-23
1857,Customer_1857,East,2023-06-12
1858,Customer_1858,South,2023-06-04
1859,Customer_1859,West,2023-09-08
1860,Customer_1860,East,2022-02-28
1861,Customer_1861,East,2022-02-09
1862,Customer_1862,East,2022-08-25
1863,Customer_1863,North,2023-01-21
1864,Customer_1864,South,2023-08-29
1865,Customer_1865,West,2023-10-12
1866,Customer_1866,West,2022-10-27
1867,Customer_1867,North,2023-01-30
1868,Customer_1868,North,2022-07-26
1869,Customer_1869,North,2022-12-02
1870,Customer_1870,East,2023-08-16
1871,Customer_1871,West,2023-05-29
1872,Customer_1872,North,2022-06-27
1873,Customer_1873,South,2023-01-31
1874,Customer_1874,West,2023-01-06
1875,Customer_1875,East,2023-10-20
1876,Customer_1876,South,2022-11-14
1877,Customer_1877,East,2023-01-04
1878,Customer_1878,South,2023-01-19
1879,Customer_1879,North,2022-03-03
1880,Customer_1880,East,2023-05-20
1881,Customer_1881,East,2022-08-27
1882,Customer_1882,West,2022-07-14
1883,Customer_1883,East,2023-11-09
1884,Customer_1884,East,2022-08-10
1885,Customer_1885,North,2022-03-02
1886,Customer_1886,South,2022-05-09
1887,Customer_1887,North,2023-11-16
1888,Customer_1888,North,2022-06-05
1889,Customer_1889,East,2023-01-13
1890,Customer_1890,West,2023-09-14
1891,Customer_1891,North,2023-08-09
1892,Customer_1892,South,2023-03-13
1893,Customer_1893,West,2022-07-26
1894,Customer_1894,North,2023-01-23
1895,Customer_1895,East,2023-04-25
1896,Customer_1896,East,2022-12-06
1897,Customer_1897,East,2022-12-06
1898,Customer_1898,North,2022-07-23
1899,Customer_1899,South,2022-06-10
1900,Customer_1900,East,2023-06-24
1901,Customer_1901,East,2023-01-27
1902,Customer_1902,North,2023-11-08
1903,Customer_1903,East,2023-07-29
1904,Customer_1904,North,2023-06-18
1905,Customer_1905,East,2022-03-11
1906,Customer_1906,North,2023-02-09
1907,Customer_1907,West,2023-08-31
1908,Customer_1908,South,2023-11-06
1909,Customer_1909,South,2023-08-14
1910,Customer_1910,North,2023-06-01
1911,Customer_1911,South,2022-04-30
1912,Customer_1912,West,2023-11-21
1913,Customer_1913,West,2023-11-19
1914,Customer_1914,South,2022-08-05
1915,Customer_1915,South,2022-02-25
1916,Customer_1916,East,2023-01-01
1917,Customer_1917,West,2023-11-30
1918,Customer_1918,East,2023-05-19
1919,Customer_1919,South,2023-03-31
1920,Customer_1920,South,2022-04-14
1921,Customer_1921,East,2022-03-18
1922,Customer_1922,North,2022-08-18
1923,Customer_1923,East,2022-09-15
1924,Customer_1924,South,2022-09-21
1925,Customer_1925,East,2022-11-27
1926,Customer_1926,North,2022-07-01
1927,Customer_1927,East,2023-07-04
1928,Customer_1928,South,2023-11-19
1929,Customer_1929,East,2022-01-27
1930,Customer_1930,North,2022-10-03
1931,Customer_1931,East,2023-10-14
1932,Customer_1932,East,2022-10-26
1933,Customer_1933,East,2022-04-01
1934,Customer_1934,East,2023-04-25
1935,Customer_1935,East,2023-07-27
1936,Customer_1936,West,2023-04-03
1937,Customer_1937,North,2023-03-27
1938,Customer_1938,West,2022-12-31
1939,Customer_1939,South,2023-11-06
1940,Customer_1940,North,2022-12-17
1941,Customer_1941,North,2023-10-17
1942,Customer_1942,South,2023-02-04
1943,Customer_1943,East,2022-09-10
1944,Customer_1944,East,2023-04-04
1945,Customer_1945,East,2023-11-30
1946,Customer_1946,South,2023-05-14
1947,Customer_1947,South,2023-05-23
1948,Customer_1948,North,2022-10-31
1949,Customer_1949,South,2023-05-16
1950,Customer_1950,South,2023-08-21
1951,Customer_1951,North,2022-06-15
1952,Customer_1952,North,2023-02-19
1953,Customer_1953,East,2023-04-07
1954,Customer_1954,East,2022-04-24
1955,Customer_1955,West,2023-03-09
1956,Customer_1956,West,2022-12-22
1957,Customer_1957,East,2023-11-26
1958,Customer_1958,South,2022-07-26
1959,Customer_1959,East,2022-08-23
1960,Customer_1960,East,2023-03-18
1961,Customer_1961,North,2022-12-21
1962,Customer_1962,South,2023-05-30
1963,Customer_1963,West,2022-07-27
1964,Customer_1964,South,2022-05-05
1965,Customer_1965,East,2022-05-18
1966,Customer_1966,East,2022-12-05
1967,Customer_1967,North,2023-06-21
1968,Customer_1968,South,2022-03-09
1969,Customer_1969,South,2023-07-27
1970,Customer_1970,North,2023-06-25
1971,Customer_1971,North,2023-01-18
1972,Customer_1972,West,2022-01-19
1973,Customer_1973,North,2023-11-14
1974,Customer_1974,South,2023-03-26
1975,Customer_1975,North,2022-03-15
1976,Customer_1976,West,2023-07-27
1977,Customer_1977,North,2023-10-27
1978,Customer_1978,South,2022-10-03
1979,Customer_1979,West,2022-02-17
1980,Customer_1980,West,2022-07-30
1981,Customer_1981,North,2023-10-13
1982,Customer_1982,West,2023-09-14
1983,Customer_1983,South,2023-11-26
1984,Customer_1984,South,2023-06-24
1985,Customer_1985,North,2022-07-10
1986,Customer_1986,North,2022-11-11
1987,Customer_1987,East,2023-07-17
1988,Customer_1988,South,2023-10-23
1989,Customer_1989,South,2023-07-16
1990,Customer_1990,East,2022-04-23
1991,Customer_1991,East,2022-06-19
1992,Customer_1992,North,2023-04-13
1993,Customer_1993,East,2023-11-09
1994,Customer_1994,North,2022-01-14
1995,Customer_1995,East,2022-10-15
1996,Customer_1996,East,2022-07-08
1997,Customer_1997,West,2022-06-04
1998,Customer_1998,North,2023-07-21
1999,Customer_1999,North,2023-11-25
2000,Customer_2000,North,2023-04-16
